501.35954100000004	2401	scip.ts	 writer = w || new pb_1.BinaryWriter()	
309.2610830000001	4069	scip.ts	 writer 	
329.32925	5267	scip.ts	 writer 	
378.381584	7063	scip.ts	 writer 	
560.695958	2401	scip.ts	 writer = w || new pb_1.BinaryWriter()	
389.024584	4069	scip.ts	 writer 	
512.216625	2401	scip.ts	 writer = w || new pb_1.BinaryWriter()	
353.8837500000001	4069	scip.ts	 writer 	
429.34787500000004	5267	scip.ts	 writer 	
926.588417	2401	scip.ts	 writer = w || new pb_1.BinaryWriter()	
302.3956249999999	4069	scip.ts	 writer 	
403.4854579999999	5267	scip.ts	 writer 	
452.157167	2401	scip.ts	 writer = w || new pb_1.BinaryWriter()	
327.52045899999996	4069	scip.ts	 writer 	
466.903917	5267	scip.ts	 writer 	
381.54416600000013	7063	scip.ts	 writer 	
516.686125	8629	scip.ts	 writer 	
725.8267089999999	9803	scip.ts	 writer = w || new pb_1.BinaryWriter()	
841.153667	10880	scip.ts	 writer = w || new pb_1.BinaryWriter()	
567.449666	2401	scip.ts	 writer = w || new pb_1.BinaryWriter()	
381.078125	4069	scip.ts	 writer 	
334.1408339999999	5267	scip.ts	 writer 	
395.10087499999986	7063	scip.ts	 writer 	
767.3719170000002	8629	scip.ts	 writer = w || new pb_1.BinaryWriter()	
791.468417	9803	scip.ts	 writer = w || new pb_1.BinaryWriter()	
863.9707919999996	10880	scip.ts	 writer = w || new pb_1.BinaryWriter()	
894.4538750000002	13233	scip.ts	 writer = w || new pb_1.BinaryWriter()	
1053.5404159999998	15826	scip.ts	 writer = w || new pb_1.BinaryWriter()	
734.0938340000002	17868	scip.ts	 writer 	
374.12841699999996	2929	mocks_temp.go		
303.328333	3927	mocks_temp.go		
342.80783299999996	4783	mocks_temp.go		
419.91954199999986	5711	mocks_temp.go		
778.7352920000001	6688	mocks_temp.go	otry := make([]AccessRequestStoreGetByIDFuncCall, len(f.history))	
516.9404159999999	7598	mocks_temp.go		
419.72237499999983	8594	mocks_temp.go		
531.4072500000002	9624	mocks_temp.go		
506.768458	10628	mocks_temp.go	ory	
725.3991249999999	13967	mocks_temp.go		
706.9418329999999	14994	mocks_temp.go		
814.6619170000004	16164	mocks_temp.go		
1294.8528750000005	17186	mocks_temp.go	 := make([]AccessTokenStoreDeleteByIDFuncCall, len(f.history))	
814.114375000001	18088	mocks_temp.go		
892.5356250000004	19030	mocks_temp.go		
1558.0232080000005	20011	mocks_temp.go	 := make([]AccessTokenStoreGetByTokenFuncCall, len(f.history))	
1016.8802500000002	21056	mocks_temp.go		
1015.5872909999998	22002	mocks_temp.go		
1076.2744999999995	22856	mocks_temp.go		
1240.0726249999989	23842	mocks_temp.go		
517.2967500000001	2401	scip.ts	 writer = w || new pb_1.BinaryWriter()	
350.75987499999997	4069	scip.ts	 writer 	
539.147834	5267	scip.ts	 writer = w || new pb_1.BinaryWriter()	
449.9307500000002	7063	scip.ts	 writer 	
497.41166699999985	8629	scip.ts	 writer 	
731.9990830000002	9803	scip.ts	 writer = w || new pb_1.BinaryWriter()	
775.3903750000004	10880	scip.ts	 writer = w || new pb_1.BinaryWriter()	
912.131167	13233	scip.ts	 writer = w || new pb_1.BinaryWriter()	
1023.3983749999998	15826	scip.ts	 writer = w || new pb_1.BinaryWriter()	
832.691084	17868	scip.ts	 writer 	
1191.4634160000005	19598	scip.ts	 writer = w || new pb_1.BinaryWriter()	
941.7095410000011	20447	scip.ts	 writer 	
1286.253417	21367	scip.ts	 writer = w || new pb_1.BinaryWriter()	
1197.0167499999989	29685	scip.ts		
1799.2871669999986	32376	scip.ts	 writer = w || new pb_1.BinaryWriter()	
228.1989590000012	33437	scip.ts	undefined	
231.4052499999998	34140	scip.ts	undefined	
219.69570799999929	34958	scip.ts	undefined	
270.3384590000005	35727	scip.ts	undefined	
268.15716600000087	36465	scip.ts	undefined	
